,headline,url,publisher,date,stock
2,Agilent Technologies Announces Pricing of $5…… Million of Senior Notes,http://www.gurufocus.com/news/1153187/agilent-technologies-announces-pricing-of-500-million-of-senior-notes,GuruFocus,2020-06-01 00:00:00,A
3,Agilent (A) Gears Up for Q2 Earnings: What's in the Cards?,http://www.zacks.com/stock/news/931205/agilent-a-gears-up-for-q2-earnings-whats-in-the-cards?cid=CS-BENZ-FT-analyst_blog|earnings_preview-931205,Zacks,2020-05-18 00:00:00,A
4,J.P. Morgan Asset Management Announces Liquidation of Six Exchange-Traded Funds,http://www.gurufocus.com/news/1138923/jp-morgan-asset-management-announces-liquidation-of-six-exchangetraded-funds,GuruFocus,2020-05-15 00:00:00,A
5,"Pershing Square Capital Management, L.P. Buys Agilent Technologies Inc, The Howard Hughes Corp, ...",http://www.gurufocus.com/news/1138704/pershing-square-capital-management-lp-buys-agilent-technologies-inc-the-howard-hughes-corp-lowes-inc-sells-chipotle-mexican-grill-inc,GuruFocus,2020-05-15 00:00:00,A
6,Agilent Awards Trilogy Sciences with a Golden Ticket at LabCentral,http://www.gurufocus.com/news/1134012/agilent-awards-trilogy-sciences-with-a-golden-ticket-at-labcentral,GuruFocus,2020-05-12 00:00:00,A
7,Agilent Technologies Inc (A) CEO and President Michael R. Mcmullen Sold $–.4 million of Shares,http://www.gurufocus.com/news/1132985/agilent-technologies-inc-a-ceo-and-president-michael-r-mcmullen-sold-14-million-of-shares,GuruFocus,2020-05-11 00:00:00,A
8,' Stocks Growing Their Earnings Fast,http://www.gurufocus.com/news/1129235/3-stocks-growing-their-earnings-fast,GuruFocus,2020-05-07 00:00:00,A
9,"Cypress Asset Management Inc Buys Verizon Communications Inc, United Parcel Service Inc, ...",http://www.gurufocus.com/news/1128926/cypress-asset-management-inc-buys-verizon-communications-inc-united-parcel-service-inc-powershares-qqq-trust-ser-1-sells-the-walt-disney-co-honeywell-international-inc-eaton-corp-plc,GuruFocus,2020-05-07 00:00:00,A
10,"Hendley & Co Inc Buys American Electric Power Co Inc, Agilent Technologies Inc, Paychex ...",http://www.gurufocus.com/news/1126951/hendley--co-inc-buys-american-electric-power-co-inc-agilent-technologies-inc-paychex-inc-sells-honeywell-international-inc-texas-instruments-inc-dollar-general-corp,GuruFocus,2020-05-05 00:00:00,A
11,"Teacher Retirement System Of Texas Buys Hologic Inc, Vanguard Total Stock Market, Agilent ...",http://www.gurufocus.com/news/1126799/teacher-retirement-system-of-texas-buys-hologic-inc-vanguard-total-stock-market-agilent-technologies-inc-sells-alphabet-inc-att-inc-ishares-edge-msci-min-vol-emerging-markets,GuruFocus,2020-05-05 00:00:00,A
12,"Cookson Peirce & Co Inc Buys Eli Lilly and Co, Vertex Pharmaceuticals Inc, Netflix Inc, ...",http://www.gurufocus.com/news/1125063/cookson-peirce--co-inc-buys-eli-lilly-and-co-vertex-pharmaceuticals-inc-netflix-inc-sells-hilton-worldwide-holdings-inc-transdigm-group-inc-abbott-laboratories,GuruFocus,2020-05-04 00:00:00,A
13,Agilent Technologies Inc (A) CEO and President Michael R. Mcmullen Sold $–.– million of Shares,http://www.gurufocus.com/news/1121894/agilent-technologies-inc-a-ceo-and-president-michael-r-mcmullen-sold-11-million-of-shares,GuruFocus,2020-04-30 00:00:00,A
14,"Agilent Technologies Inc (A) CEO and President Michael R. Mcmullen Sold $67–,6—7 of Shares",http://www.gurufocus.com/news/1119439/agilent-technologies-inc-a-ceo-and-president-michael-r-mcmullen-sold-671627-of-shares,GuruFocus,2020-04-28 00:00:00,A
15,"S.E.E.D. Planning Group LLC Buys VanEck Vectors Morningstar Wide Moat, PepsiCo Inc, Ecolab Inc, ...",http://www.gurufocus.com/news/1108126/seed-planning-group-llc-buys-vaneck-vectors-morningstar-wide-moat-pepsico-inc-ecolab-inc-sells-schwab-us-largecap-invesco-bulletshares-2020-corporate-bond-etf-international-flavors--fragrances-inc,GuruFocus,2020-04-17 00:00:00,A
16,Agilent (A) Withdraws Q2 & FY20 View Amid Coronavirus Crisis,http://www.zacks.com/stock/news/872005/agilent-a-withdraws-q2-fy20-view-amid-coronavirus-crisis?cid=CS-BENZ-FT-analyst_blog|company_news_tech_sector-872005,Zacks,2020-04-15 00:00:00,A
17,Top –st-Quarter Buys of Jerome Dodson's Parnassus Fund,http://www.gurufocus.com/news/1104590/top-1stquarter-buys-of-jerome-dodsons-parnassus-fund,GuruFocus,2020-04-14 00:00:00,A
18,Bill Ackman on Agilent Technologies,http://www.gurufocus.com/news/1104359/bill-ackman-on-agilent-technologies,GuruFocus,2020-04-14 00:00:00,A
19,Bill Ackman's Pershing Square —…–9 Annual Letter to Shareholders,http://www.gurufocus.com/news/1104358/bill-ackmans-pershing-square-2019-annual-letter-to-shareholders,GuruFocus,2020-04-14 00:00:00,A
20,Parnassus Endeavor Fund Adds ' Stocks to Portfolio in –st Quarter,http://www.gurufocus.com/news/1103295/parnassus-endeavor-fund-adds-3-stocks-to-portfolio-in-1st-quarter,GuruFocus,2020-04-13 00:00:00,A
21,"Parnassus Endeavor Fund Buys FedEx Corp, VF Corp, Expeditors International of Washington Inc, ...",http://www.gurufocus.com/news/1101813/parnassus-endeavor-fund-buys-fedex-corp-vf-corp-expeditors-international-of-washington-inc-sells-gilead-sciences-inc-lam-research-corp-perrigo-co-plc,GuruFocus,2020-04-10 00:00:00,A
22,"Parnassus Fund Buys KLA Corp, Agilent Technologies Inc, Square Inc, Sells Alliance Data Systems ...",http://www.gurufocus.com/news/1101812/parnassus-fund-buys-kla-corp-agilent-technologies-inc-square-inc-sells-alliance-data-systems-corp-cvs-health-corp-hologic-inc,GuruFocus,2020-04-10 00:00:00,A
23,"Lgt Capital Partners Ltd. Buys Microsoft Corp, Stryker Corp, The Estee Lauder Inc, Sells ...",http://www.gurufocus.com/news/1098172/lgt-capital-partners-ltd-buys-microsoft-corp-stryker-corp-the-estee-lauder-inc-sells-newmont-corp-tupperware-brands-corp-the-carlyle-group-inc,GuruFocus,2020-04-07 00:00:00,A
24,"Timing the Market, Is it Possible? - April 07, 2020",http://www.zacks.com/stock/news/858761/timing-the-market-is-it-possible-april-07-2020?cid=CS-BENZ-FT-retirement_ideas|market_timing_secrets-858761,Zacks,2020-04-07 00:00:00,A
25,Agilent Technologies to Change Location of Annual Meeting,http://www.gurufocus.com/news/1090024/agilent-technologies-to-change-location-of-annual-meeting-,GuruFocus,2020-03-30 00:00:00,A
26,Bill Ackman's Pershing Square Releases Letter to Investors,http://www.gurufocus.com/news/1086307/bill-ackmans-pershing-square-releases-letter-to-investors,GuruFocus,2020-03-26 00:00:00,A
27,Agilent Technologies (A) Gains As Market Dips: What You Should Know,http://www.zacks.com/stock/news/826049/agilent-technologies-a-gains-as-market-dips-what-you-should-know?cid=CS-BENZ-FT-tale_of_the_tape|yseop_template_6v1-826049,Zacks,2020-03-20 00:00:00,A
28,Stocks Flashing Renewed Technical Strength: Agilent Technologies,http://www.investors.com/ibd-data-stories/stocks-flashing-renewed-technical-strength-agilent-technologies/?src=A00237A&ven=BenzingaCP&src=AURLAAM,Investor's Business Daily,2020-03-19 00:00:00,A
29,Why Is Agilent (A) Down 19.3% Since Last Earnings Report?,http://www.zacks.com/stock/news/823272/why-is-agilent-a-down-193-since-last-earnings-report?cid=CS-BENZ-FT-realtime_blog-823272,Zacks,2020-03-19 00:00:00,A
30,Agilent Technologies Announces Cash Dividend of –8 Cents Per Share,http://www.gurufocus.com/news/1078836/agilent-technologies-announces-cash-dividend-of-18-cents-per-share,GuruFocus,2020-03-18 00:00:00,A
31,"Agilent Technologies to Adjourn Annual Meeting Until April –7, —…—…",http://www.gurufocus.com/news/1077054/agilent-technologies-to-adjourn-annual-meeting-until-april-17-2020,GuruFocus,2020-03-17 00:00:00,A
32,Agilent Introduces CrossLab Connect Services for Lab-wide Asset Monitoring,http://www.gurufocus.com/news/1074589/agilent-introduces-crosslab-connect-services-for-labwide-asset-monitoring-,GuruFocus,2020-03-16 00:00:00,A
33,6 Guru Stocks Trading With Low Price-Sales Ratios,http://www.gurufocus.com/news/1064215/6-guru-stocks-trading-with-low-pricesales-ratios,GuruFocus,2020-03-03 00:00:00,A
34,Stock Upgrades: Agilent Technologies Shows Rising Relative Strength,http://www.investors.com/ibd-data-stories/stock-upgrades-agilent-technologies-shows-rising-relative-strength-5/?src=A00237A&ven=BenzingaCP&src=AURLAAM,Investor's Business Daily,2020-02-28 00:00:00,A
35,"Fitbit (FIT) Q4 Loss Wider Than Estimated, Revenues Lag",http://www.zacks.com/stock/news/777147/fitbit-fit-q4-loss-wider-than-estimated-revenues-lag?cid=CS-BENZ-FT-analyst_blog|earnings_article-777147,Zacks,2020-02-21 00:00:00,A
36,"How to Time the Markets Like an Investing Pro - February 20, 2020",http://www.zacks.com/stock/news/775137/how-to-time-the-markets-like-an-investing-pro-february-20-2020?cid=CS-BENZ-FT-retirement_ideas|market_timing_secrets-775137,Zacks,2020-02-20 00:00:00,A
37,Stock Chart Breakdown Alert: Agilent Tech (A),https://talkmarkets.com/content/stock-chart-breakdown-alert-agilent-tech-a?post=251694,TalkMarkets,2020-02-19 00:00:00,A
38,"Agilent (A) Q1 Earnings In Line With Estimates, Revenues Top",http://www.zacks.com/stock/news/772907/agilent-a-q1-earnings-in-line-with-estimates-revenues-top?cid=CS-BENZ-FT-analyst_blog|earnings_article-772907,Zacks,2020-02-19 00:00:00,A
39,Bill Ackman's Pershing Square: 4th-Quarter Update,http://www.gurufocus.com/news/1042860/bill-ackmans-pershing-square-4thquarter-update,GuruFocus,2020-02-18 00:00:00,A
40,"GoDaddy (GDDY) Q4 Earnings Miss Estimates, Revenues Beat",http://www.zacks.com/stock/news/771320/godaddy-gddy-q4-earnings-miss-estimates-revenues-beat?cid=CS-BENZ-FT-analyst_blog|earnings_article-771320,Zacks,2020-02-18 00:00:00,A
41,"Wunderlich Capital Managemnt Buys ServiceNow Inc, Truist Financial Corp, Agilent Technologies ...",http://www.gurufocus.com/news/1041634/wunderlich-capital-managemnt-buys-servicenow-inc-truist-financial-corp-agilent-technologies-inc-sells-suntrust-banks-inc-diamondback-energy-inc,GuruFocus,2020-02-17 00:00:00,A
42,"Napier Park Global Capital LLC Buys Invesco Senior Loan, Agilent Technologies Inc, Lowe's Inc, ...",http://www.gurufocus.com/news/1038789/napier-park-global-capital-llc-buys-invesco-senior-loan-agilent-technologies-inc-lowes-inc-sells-ishares-iboxx--investment-grade-corporate-bond-nrg-energy-inc-ceridian-hcm-holding-inc,GuruFocus,2020-02-14 00:00:00,A
43,Stock Upgrades: Agilent Technologies Shows Rising Relative Strength,http://www.investors.com/ibd-data-stories/stock-upgrades-agilent-technologies-shows-rising-relative-strength-4/?src=A00237A&ven=BenzingaCP&src=AURLAAM,Investor's Business Daily,2020-02-13 00:00:00,A
44,Applied Materials (AMAT) Q1 Earnings & Sales Top Estimates,http://www.zacks.com/stock/news/763708/applied-materials-amat-q1-earnings-sales-top-estimates?cid=CS-BENZ-FT-analyst_blog|earnings_article-763708,Zacks,2020-02-13 00:00:00,A
45,"Stonehage Fleming Financial Services Holdings Ltd Buys Autoliv Inc, Walmart Inc, Uber ...",http://www.gurufocus.com/news/1037232/stonehage-fleming-financial-services-holdings-ltd-buys-autoliv-inc-walmart-inc-uber-technologies-inc-sells-ishares-msci-emerging-markets-etf-edwards-lifesciences-corp-altria-group-inc,GuruFocus,2020-02-13 00:00:00,A
46,"Clearfield Capital Management Lp Buys Insperity Inc, Square Inc, Agilent Technologies Inc, ...",http://www.gurufocus.com/news/1036898/clearfield-capital-management-lp-buys-insperity-inc-square-inc-agilent-technologies-inc-sells-l3harris-technologies-inc-equifax-inc-liberty-formula-one-group,GuruFocus,2020-02-12 00:00:00,A
47,Agilent (A) Gears Up for Q1 Earnings: What's in the Cards?,http://www.zacks.com/stock/news/761933/agilent-a-gears-up-for-q1-earnings-whats-in-the-cards?cid=CS-BENZ-FT-analyst_blog|earnings_preview-761933,Zacks,2020-02-12 00:00:00,A
48,"Troy Asset Management Ltd Buys Agilent Technologies Inc, Mastercard Inc, Cisco Systems Inc, ...",http://www.gurufocus.com/news/1035886/troy-asset-management-ltd-buys-agilent-technologies-inc-mastercard-inc-cisco-systems-inc-sells-ebay-inc,GuruFocus,2020-02-11 00:00:00,A
49,Can Strong Cloud Growth Propel Alibaba's (BABA) Q3 Earnings?,http://www.zacks.com/stock/news/759889/can-strong-cloud-growth-propel-alibabas-baba-q3-earnings?cid=CS-BENZ-FT-analyst_blog|earnings_preview-759889,Zacks,2020-02-11 00:00:00,A
50,Fortive (FTV) Earnings & Revenues Surpass Estimates in Q4,http://www.zacks.com/stock/news/754382/fortive-ftv-earnings-revenues-surpass-estimates-in-q4?cid=CS-BENZ-FT-analyst_blog|earnings_article-754382,Zacks,2020-02-07 00:00:00,A
51,"Eaton Vance Exits Celgene, Trims Amgen Position",http://www.gurufocus.com/news/1028223/eaton-vance-exits-celgene-trims-amgen-position,GuruFocus,2020-02-04 00:00:00,A
52,"Mechanics Bank Trust Department Buys SPDR Wells Fargo Preferred Stock ETF, Huntington ...",http://www.gurufocus.com/news/1021009/mechanics-bank-trust-department-buys-spdr-wells-fargo-preferred-stock-etf-huntington-bancshares-inc-hanesbrands-inc-sells-nestle-sa-the-kroger-co-ch-robinson-worldwide-inc,GuruFocus,2020-01-23 00:00:00,A
53,"Krueger & Catalano Capital Partners, LLC Buys Bristol-Myers Squibb Company, Agilent ...",http://www.gurufocus.com/news/1019362/krueger--catalano-capital-partners-llc-buys-bristolmyers-squibb-company-agilent-technologies-inc-msci-inc-sells-cullenfrost-bankers-inc-boeing-co-twilio-inc,GuruFocus,2020-01-21 00:00:00,A
54,"Parnassus Endeavor Fund Adds to Cisco, Alphabet",http://www.gurufocus.com/news/1015901/parnassus-endeavor-fund-adds-to-cisco-alphabet,GuruFocus,2020-01-15 00:00:00,A
55,Parnassus Endeavor Fund Invests in Insurance and Logistics in 4th Quarter,http://www.gurufocus.com/news/1015722/parnassus-endeavor-fund-invests-in-insurance-and-logistics-in-4th-quarter,GuruFocus,2020-01-15 00:00:00,A
56,"Timing the Market, Is it Possible? - January 10, 2020",http://www.zacks.com/stock/news/711428/timing-the-market-is-it-possible-january-10-2020?cid=CS-BENZ-FT-retirement_ideas|market_timing_secrets-711428,Zacks,2020-01-10 00:00:00,A
57,Why Is Agilent (A) Up 5.4% Since Last Earnings Report?,http://www.zacks.com/stock/news/687371/why-is-agilent-a-up-54-since-last-earnings-report?cid=CS-BENZ-FT-realtime_blog-687371,Zacks,2019-12-25 00:00:00,A
58,"The Market Timing Secrets No One Talks About - December 17, 2019",http://www.zacks.com/stock/news/675479/the-market-timing-secrets-no-one-talks-about-december-17-2019?cid=CS-BENZ-FT-retirement_ideas|market_timing_secrets-675479,Zacks,2019-12-17 00:00:00,A
59,Agilent Technologies Inc (A) CEO and President Michael R. Mcmullen Sold $4 million of Shares,https://www.benzinga.com/node/14992143,GuruFocus,2019-12-13 00:00:00,A
60,"Live Nation Entertainment, Zebra Technologies, STERIS Set to Join S&P 5……; Others to ...",https://www.benzinga.com/node/14992163,GuruFocus,2019-12-13 00:00:00,A
61,"Nomura Holdings Inc Buys Aramark, AT&T Inc, Emerson Electric Co, Sells Amazon. ...",https://www.benzinga.com/node/14984762,GuruFocus,2019-12-12 00:00:00,A
62,Bill Ackman's Pershing Square Packs Into Agilent,https://www.benzinga.com/node/14964953,GuruFocus,2019-12-10 00:00:00,A
63,Wall Street Breakfast: Trade Deadline And Fed Meeting,https://seekingalpha.com/article/4311579-wall-street-breakfast-trade-deadline-and-fed-meeting?utm_source=partner_&utm_medium=referralbenzinga,Seeking Alpha,2019-12-10 00:00:00,A
64,"Pershing Square Capital Management, L.P. Buys Agilent Technologies Inc, Sells Automatic Data ...",https://www.benzinga.com/node/14958377,GuruFocus,2019-12-09 00:00:00,A
65,Agilent up 4% after hours on Pershing stake,https://seekingalpha.com/news/3524933-agilent-up-4-after-hours-on-pershing-stake?source=partner_benzinga,Seeking Alpha,2019-12-09 00:00:00,A
66,Best Large-Cap Stocks To Buy Now,https://seekingalpha.com/article/4310979-best-large-cap-stocks-to-buy-now?source=partner_benzinga,Seeking Alpha,2019-12-06 00:00:00,A
67,"Agilent Technologies, Inc. (A) Management Presents at Evercore ISI HealthCONx Conference (Transcript)",https://seekingalpha.com/article/4310780-agilent-technologies-inc-management-presents-evercore-isi-healthconx-conference-transcript?source=partner_benzinga,Seeking Alpha,2019-12-05 00:00:00,A
68,Agilent Technologies Inc (A) Presents at The 31st Annual Piper Jaffray Healthcare Conference (Transcript),https://seekingalpha.com/article/4310477-agilent-technologies-inc-presents-31st-annual-piper-jaffray-healthcare-conference-transcript?source=partner_benzinga,Seeking Alpha,2019-12-04 00:00:00,A
69,Agilent (A) Earnings and Revenues Surpass Estimates in Q4,http://www.zacks.com/stock/news/638168/agilent-a-earnings-and-revenues-surpass-estimates-in-q4?cid=CS-BENZ-FT-analyst_blog|earnings_article-638168,Zacks,2019-11-26 00:00:00,A
70,"Agilent Technologies, Inc. (A) CEO Mike McMullen on Q4 2019 Results - Earnings Call Transcript",https://seekingalpha.com/article/4309111-agilent-technologies-inc-ceo-mike-mcmullen-q4-2019-results-earnings-call-transcript?source=partner_benzinga,Seeking Alpha,2019-11-25 00:00:00,A
71,"Dow Jones Futures: Stock Market Fear Gauge Hits New Low; Palo Alto Networks, Nutanix, Ambarella, Hewlett Packard Enterprise, ChemoCentryx Are Big Movers Late",http://www.investors.com/market-trend/stock-market-today/dow-jones-futures-stock-market-rally-fear-gauge-hits-new-low-palo-alto-networks-nutanix-ambarella/?src=A00237A&ven=BenzingaCP&src=AURLAAM,Investor's Business Daily,2019-11-25 00:00:00,A
72,Agilent Technologies (A) Surpasses Q4 Earnings and Revenue Estimates,http://www.zacks.com/stock/news/637442/agilent-technologies-a-surpasses-q4-earnings-and-revenue-estimates?cid=CS-BENZ-FT-tale_of_the_tape|yseop_template_4-637442,Zacks,2019-11-25 00:00:00,A
73,"Agilent Technologies, Inc. 2019 Q4 - Results - Earnings Call Presentation",https://seekingalpha.com/article/4309065-agilent-technologies-inc-2019-q4-results-earnings-call-presentation?source=partner_benzinga,Seeking Alpha,2019-11-25 00:00:00,A
74,"Agilent EPS beats by $0.03, misses on revenue",https://seekingalpha.com/news/3521902-agilent-eps-beats-0_03-misses-revenue?source=partner_benzinga,Seeking Alpha,2019-11-25 00:00:00,A
75,Agilent Q4 2019 Earnings Preview,https://seekingalpha.com/news/3521679-agilent-q4-2019-earnings-preview?source=partner_benzinga,Seeking Alpha,2019-11-24 00:00:00,A
76,Notable earnings after Monday's close,https://seekingalpha.com/news/3521666-notable-earnings-monday-s-close?source=partner_benzinga,Seeking Alpha,2019-11-24 00:00:00,A
77,"Dividend Increases: November 18-22, 2019",https://seekingalpha.com/article/4308845-dividend-increases-november-18minus-22-2019?source=partner_benzinga,Seeking Alpha,2019-11-24 00:00:00,A
78,"Spotlight On Alibaba, Best Buy And DuPont (Stocks To Watch Podcast)",https://seekingalpha.com/article/4308812-spotlight-alibaba-best-buy-dupont-stocks-watch-podcast?source=partner_benzinga,Seeking Alpha,2019-11-24 00:00:00,A
79,Dividend Challenger Highlights: Week Of November 24,https://seekingalpha.com/article/4308801-dividend-challenger-highlights-week-november-24?source=partner_benzinga,Seeking Alpha,2019-11-23 00:00:00,A
80,"Stocks To Watch: Spotlight On Alibaba, Best Buy And DuPont",https://seekingalpha.com/article/4308790-stocks-watch-spotlight-alibaba-best-buy-dupont?source=partner_benzinga,Seeking Alpha,2019-11-23 00:00:00,A
81,Earnings Watch: PANW Stock Rallies Ahead Of Results; Retail Leader Forms Bullish Base,http://www.investors.com/research/earnings-preview/panw-stock-rallies-sharply-ahead-of-earnings/?src=A00237A&ven=BenzingaCP&src=AURLAAM,Investor's Business Daily,2019-11-22 00:00:00,A
82,Agilent on watch after positive EU drug development,https://seekingalpha.com/news/3521521-agilent-watch-positive-eu-drug-development?source=partner_benzinga,Seeking Alpha,2019-11-22 00:00:00,A
83,Agilent Is Up Almost 20% Since Its Last Earnings Report: Assessing If The Momentum Continues,https://seekingalpha.com/article/4308328-agilent-almost-20-percent-since-last-earnings-report-assessing-momentum-continues?source=partner_benzinga,Seeking Alpha,2019-11-21 00:00:00,A
84,"Yes, You Can Time the Market. Find out How - November 21, 2019",http://www.zacks.com/stock/news/630849/yes-you-can-time-the-market-find-out-how-november-21-2019?cid=CS-BENZ-FT-retirement_ideas|market_timing_secrets-630849,Zacks,2019-11-21 00:00:00,A
85,"The Top Large-Cap Sectors, Industries, And Stocks To Buy Now",https://seekingalpha.com/article/4308176-top-large-cap-sectors-industries-stocks-buy-now?source=partner_benzinga,Seeking Alpha,2019-11-21 00:00:00,A
86,Agilent declares $0.18 dividend,https://seekingalpha.com/news/3520971-agilent-declares-0_18-dividend?source=partner_benzinga,Seeking Alpha,2019-11-20 00:00:00,A
87,Agilent Technologies (A) Earnings Expected to Grow: Should You Buy?,http://www.zacks.com/stock/news/625743/agilent-technologies-a-earnings-expected-to-grow-should-you-buy?cid=CS-BENZ-FT-tale_of_the_tape|yseop_template_9-625743,Zacks,2019-11-18 00:00:00,A
88,"Retailers, Dubai Airshow And Cybertrucks (Stocks To Watch Podcast)",https://seekingalpha.com/article/4307271-retailers-dubai-airshow-cybertrucks-stocks-watch-podcast?source=partner_benzinga,Seeking Alpha,2019-11-17 00:00:00,A
89,"Stocks To Watch: Retailers, Dubai Airshow And Cybertrucks",https://seekingalpha.com/article/4307244-stocks-watch-retailers-dubai-airshow-cybertrucks?source=partner_benzinga,Seeking Alpha,2019-11-16 00:00:00,A
90,"Fairpointe Capital LLC Buys Adtalem Global Education Inc, Corning Inc, Agilent Technologies ...",https://www.benzinga.com/node/14823635,GuruFocus,2019-11-15 00:00:00,A
91,PerkinElmer: An Excellent Opportunity,https://seekingalpha.com/article/4307103-perkinelmer-excellent-opportunity?source=partner_benzinga,Seeking Alpha,2019-11-15 00:00:00,A
92,Stifel likes Illumina in premarket analyst action,https://seekingalpha.com/news/3519763-stifel-likes-illumina-premarket-analyst-action?source=partner_benzinga,Seeking Alpha,2019-11-15 00:00:00,A
93,Market-Beating Sector ETFs Year to Date,http://www.zacks.com/stock/news/621178/market-beating-sector-etfs-year-to-date?cid=CS-BENZ-FT-etf_news_and_commentary-621178,Zacks,2019-11-15 00:00:00,A
94,"Tiemann Investment Advisors, Llc Buys SPDR Barclays Convertible Securities ETF, D.R. ...",https://www.benzinga.com/node/14819342,GuruFocus,2019-11-15 00:00:00,A
95,Stocks Showing Rising Market Leadership: Agilent Technologies Earns 82 RS Rating,http://www.investors.com/ibd-data-stories/stocks-showing-rising-market-leadership-agilent-technologies-earns-82-rs-rating/?src=A00237A&ven=BenzingaCP&src=AURLAAM,Investor's Business Daily,2019-11-14 00:00:00,A
96,"Epoch Investment Partners, Inc. Buys KKR Inc, Coca-Cola Co, Huntington Ingalls Industries Inc, ...",https://www.benzinga.com/node/14804572,GuruFocus,2019-11-13 00:00:00,A
97,Agilent Technologies Sees RS Rating Improve To 76,http://www.investors.com/ibd-data-stories/agilent-technologies-sees-rs-rating-improve-to-76/?src=A00237A&ven=BenzingaCP&src=AURLAAM,Investor's Business Daily,2019-11-12 00:00:00,A
98,"Royal London Asset Management Ltd Buys Apple Inc, Amazon. ...",https://www.benzinga.com/node/14785636,GuruFocus,2019-11-12 00:00:00,A
99,"TD Asset Management Inc Buys TC Energy Corp, iShares iBoxx $ High Yield Corporate Bond ETF, ...",https://www.benzinga.com/node/14761049,GuruFocus,2019-11-07 00:00:00,A
100,"TDAM USA Inc. Buys Phillips 66, DuPont de Nemours Inc, Agilent Technologies Inc, Sells Apple ...",https://www.benzinga.com/node/14761053,GuruFocus,2019-11-07 00:00:00,A
101,Tracking William Von Mueffling's Cantillon Capital Management Portfolio - Q3 2019 Update,https://seekingalpha.com/article/4303617-tracking-william-von-muefflings-cantillon-capital-management-portfolio-q3-2019-update?source=partner_benzinga,Seeking Alpha,2019-11-07 00:00:00,A
102,"When Does Market Timing Actually Work? - November 01, 2019",http://www.zacks.com/stock/news/598002/when-does-market-timing-actually-work-november-01-2019?cid=CS-BENZ-FT-retirement_ideas|market_timing_secrets-598002,Zacks,2019-11-01 00:00:00,A
103,Electronics Testing Equipment Outlook: Solid Demand Ahead,http://www.zacks.com/commentary/582329/electronics-testing-equipment-outlook-solid-demand-ahead?cid=CS-BENZ-FT-industry_outlook-582329,Zacks,2019-10-24 00:00:00,A
104,"Clean Yield Group Buys Healthcare Trust of America Inc, Lakeland Financial Corp, U.S. ...",https://www.benzinga.com/node/14650305,GuruFocus,2019-10-23 00:00:00,A
105,KraneShares Joins with Nasdaq Dorsey Wright to Launch KraneShares China Rotation Model,https://www.benzinga.com/node/14643902,GuruFocus,2019-10-23 00:00:00,A
106,5G Wireless Networks Give This Communications Test Gear Maker A Lift,http://www.investors.com/research/ibd-stock-of-the-day/5g-wireless-networks-give-keystock-stock-lift/?src=A00237A&ven=BenzingaCP&src=AURLAAM,Investor's Business Daily,2019-10-22 00:00:00,A
107,"Private Bank & Trust Co Buys Agilent Technologies Inc, Alibaba Group Holding, Icon PLC, ...",https://www.benzinga.com/node/14638879,GuruFocus,2019-10-22 00:00:00,A
108,Oakmark Equity And Income Fund: Third Quarter 2019,https://seekingalpha.com/article/4297571-oakmark-equity-income-fund-third-quarter-2019?source=partner_benzinga,Seeking Alpha,2019-10-21 00:00:00,A
109,Dividend Challenger Highlights: Week Of October 20,https://seekingalpha.com/article/4297460-dividend-challenger-highlights-week-october-20?source=partner_benzinga,Seeking Alpha,2019-10-19 00:00:00,A
110,Parnassus Endeavor Fund Buys 4 Stocks in 'rd Quarter,https://www.benzinga.com/node/14613262,GuruFocus,2019-10-17 00:00:00,A
111,"Parnassus Endeavor Fund Buys Alaska Air Group Inc, Arista Networks Inc, Charles Schwab Corp, ...",https://www.benzinga.com/node/14605708,GuruFocus,2019-10-16 00:00:00,A
112,Dividend Growth Stocks Of Tomorrow: Agilent Technologies Inc.,https://seekingalpha.com/article/4296471-dividend-growth-stocks-tomorrow-agilent-technologies-inc?source=partner_benzinga,Seeking Alpha,2019-10-14 00:00:00,A
113,Stocks With Rising Relative Strength: Agilent Technologies,http://www.investors.com/ibd-data-stories/stocks-with-rising-relative-strength-agilent-technologies-2/?src=A00237A&ven=BenzingaCP&src=AURLAAM,Investor's Business Daily,2019-10-14 00:00:00,A
114,Cypress Looks to Gain Traction With New USB-C Controller,http://www.zacks.com/stock/news/559529/cypress-looks-to-gain-traction-with-new-usb-c-controller?cid=CS-BENZ-FT-analyst_blog|company_news_tech_sector-559529,Zacks,2019-10-11 00:00:00,A
115,Trimble Strengthens Agriculture Portfolio with Weedseeker 2,http://www.zacks.com/stock/news/557913/trimble-strengthens-agriculture-portfolio-with-weedseeker-2?cid=CS-BENZ-FT-analyst_blog|company_news_tech_sector-557913,Zacks,2019-10-10 00:00:00,A
116,"How to Time the Markets Like an Investing Pro - October 10, 2019",http://www.zacks.com/stock/news/557545/how-to-time-the-markets-like-an-investing-pro-october-10-2019?cid=CS-BENZ-FT-retirement_ideas|market_timing_secrets-557545,Zacks,2019-10-10 00:00:00,A
117,"Lgt Capital Partners Ltd. Buys UnitedHealth Group Inc, Alphabet Inc, Agilent Technologies Inc, ...",https://www.benzinga.com/node/14553529,GuruFocus,2019-10-07 00:00:00,A
118,Bruker To Buy Freiberg Instruments' Magnettech EPR Business,http://www.zacks.com/stock/news/552804/bruker-to-buy-freiberg-instruments-magnettech-epr-business?cid=CS-BENZ-FT-analyst_blog|company_news_-_medical_sector-552804,Zacks,2019-10-07 00:00:00,A
119,"50 Firms Going Ex-Dividend Next Week, Including Cardinal Health, JP Morgan Chase And Comcast",https://www.benzinga.com/node/14507384,TalkMarkets,2019-09-27 00:00:00,A
120,Dividend Challenger Highlights: Week Of September 22,https://seekingalpha.com/article/4292825-dividend-challenger-highlights-week-september-22?source=partner_benzinga,Seeking Alpha,2019-09-21 00:00:00,A
121,4 Stocks to Focus on Global Biotechnology Reagents Market,http://www.zacks.com/stock/news/527817/4-stocks-to-focus-on-global-biotechnology-reagents-market?cid=CS-BENZ-FT-analyst_blog|investment_ideas-527817,Zacks,2019-09-20 00:00:00,A
122,Stocks With Rising Relative Strength: Agilent Technologies,http://www.investors.com/ibd-data-stories/stocks-with-rising-relative-strength-agilent-technologies/?src=A00237A&ven=BenzingaCP&src=AURLAAM,Investor's Business Daily,2019-09-19 00:00:00,A
123,Agilent declares $0.164 dividend,https://seekingalpha.com/news/3500279-agilent-declares-0_164-dividend?source=partner_benzinga,Seeking Alpha,2019-09-18 00:00:00,A
124,"Simple Market Timing Strategies That Work - September 17, 2019",http://www.zacks.com/stock/news/522540/simple-market-timing-strategies-that-work-september-17-2019?cid=CS-BENZ-FT-retirement_ideas|market_timing_secrets-522540,Zacks,2019-09-17 00:00:00,A
125,What Makes Agilent (A) a New Buy Stock,http://www.zacks.com/stock/news/520894/what-makes-agilent-a-a-new-buy-stock?cid=CS-BENZ-FT-tale_of_the_tape|yseop_template_12_zacks_rank_upgrade-520894,Zacks,2019-09-16 00:00:00,A
126,Agilent (A) Up 11.5% Since Last Earnings Report: Can It Continue?,http://www.zacks.com/stock/news/516816/agilent-a-up-115-since-last-earnings-report-can-it-continue?cid=CS-BENZ-FT-realtime_blog-516816,Zacks,2019-09-13 00:00:00,A
127,Agilent Technologies Sees RS Rating Climb To 74,http://www.investors.com/ibd-data-stories/agilent-technologies-sees-rs-rating-climb-to-74/?src=A00237A&ven=BenzingaCP&src=AURLAAM,Investor's Business Daily,2019-09-12 00:00:00,A
128,"Stocks For You To Swing-Trade: TTWO, A, ROP",https://www.benzinga.com/node/14421381,TalkMarkets,2019-09-12 00:00:00,A
129,Agilent Technologies (A) is a Great Momentum Stock: Should You Buy?,http://www.zacks.com/stock/news/511136/agilent-technologies-a-is-a-great-momentum-stock-should-you-buy?cid=CS-BENZ-FT-tale_of_the_tape|yseop_template_10-511136,Zacks,2019-09-10 00:00:00,A
130,Agilent Prices Public Offering of $500M Senior Notes Due 2029,http://www.zacks.com/stock/news/511114/agilent-prices-public-offering-of-%24500m-senior-notes-due-2029?cid=CS-BENZ-FT-analyst_blog|company_news_tech_sector-511114,Zacks,2019-09-10 00:00:00,A
131,Trimble Strengthens Forestry Division With 3LOG Acquisition,http://www.zacks.com/stock/news/511240/trimble-strengthens-forestry-division-with-3log-acquisition?cid=CS-BENZ-FT-analyst_blog|company_news_tech_sector-511240,Zacks,2019-09-10 00:00:00,A
132,Agilent Technologies: Buy For Great Growth In The Pharmaceutical Development Business,https://seekingalpha.com/article/4290704-agilent-technologies-buy-great-growth-pharmaceutical-development-business?source=partner_benzinga,Seeking Alpha,2019-09-10 00:00:00,A
133,Agilent launches debt offering,https://seekingalpha.com/news/3497325-agilent-launches-debt-offering?source=partner_benzinga,Seeking Alpha,2019-09-05 00:00:00,A
134,Agilent readies debt offering,https://seekingalpha.com/news/3496366-agilent-readies-debt-offering?source=partner_benzinga,Seeking Alpha,2019-09-03 00:00:00,A
135,Agilent completes BioTek buy,https://seekingalpha.com/news/3494548-agilent-completes-biotek-buy?source=partner_benzinga,Seeking Alpha,2019-08-26 00:00:00,A
136,IBD Stock Of The Day Keysight Technologies Hits Buy Zone As Wall Street Cheers 5G-Driven Growth,http://www.investors.com/research/ibd-stock-of-the-day/keystock-stock-surges-keysight-earnings-q3-2019/?src=A00237A&ven=BenzingaCP&src=AURLAAM,Investor's Business Daily,2019-08-22 00:00:00,A
137,"Sit Investment Associates Inc Buys United Technologies Corp, Corning Inc, Comcast Corp, Sells ...",http://www.gurufocus.com/news/932970/sit-investment-associates-inc-buys-united-technologies-corp-corning-inc-comcast-corp-sells-dupont-de-nemours-inc-occidental-petroleum-corp-raytheon-co,GuruFocus,2019-08-21 00:00:00,A
138,"Fairpointe Capital LLC Buys Agilent Technologies Inc, Magna International Inc, iShares MSCI ...",http://www.gurufocus.com/news/931818/fairpointe-capital-llc-buys-agilent-technologies-inc-magna-international-inc-ishares-msci-acwi-index-fund-sells-tegna-inc-agco-corp-cincinnati-financial-corp,GuruFocus,2019-08-20 00:00:00,A
139,"Beaconlight Capital, Llc Buys Fortune Brands Home & Security Inc, Hasbro Inc, KAR Auction ...",http://www.gurufocus.com/news/931790/beaconlight-capital-llc-buys-fortune-brands-home--security-inc-hasbro-inc-kar-auction-services-inc-sells-liberty-formula-one-group-hb-fuller-co-verisign-inc,GuruFocus,2019-08-20 00:00:00,A
140,Stock Upgrades: Agilent Technologies Shows Rising Relative Strength,http://www.investors.com/ibd-data-stories/stock-upgrades-agilent-technologies-shows-rising-relative-strength-3/?src=A00237A&ven=BenzingaCP&src=AURLAAM,Investor's Business Daily,2019-08-20 00:00:00,A
141,"BlueSpruce Investments, LP Buys Ross Stores Inc, TJX Inc, Comcast Corp, Sells Constellation ...",http://www.gurufocus.com/news/929847/bluespruce-investments-lp-buys-ross-stores-inc-tjx-inc-comcast-corp-sells-constellation-brands-inc-msci-inc-paypal-holdings-inc,GuruFocus,2019-08-16 00:00:00,A
142,Agilent (A) Earnings and Revenues Beat Estimates in Q3,http://www.zacks.com/stock/news/471584/agilent-a-earnings-and-revenues-beat-estimates-in-q3?cid=CS-BENZ-FT-analyst_blog|earnings_article-471584,Zacks,2019-08-15 00:00:00,A
143,"Agilent Technologies, Inc. (A) CEO Michael McMullen on Q3 2019 Results - Earnings Call Transcript",https://seekingalpha.com/article/4285738-agilent-technologies-inc-ceo-michael-mcmullen-q3-2019-results-earnings-call-transcript?source=partner_benzinga,Seeking Alpha,2019-08-14 00:00:00,A
144,"A, CSCO, NTAP and WPG among after hour movers",https://seekingalpha.com/news/3491982-csco-ntap-wpg-among-hour-movers?source=partner_benzinga,Seeking Alpha,2019-08-14 00:00:00,A
145,Agilent Technologies (A) Tops Q3 Earnings and Revenue Estimates,http://www.zacks.com/stock/news/470844/agilent-technologies-a-tops-q3-earnings-and-revenue-estimates?cid=CS-BENZ-FT-tale_of_the_tape|yseop_template_4-470844,Zacks,2019-08-14 00:00:00,A
146,"Agilent up 5% on FQ3 beat, lower end of guidance raise",https://seekingalpha.com/news/3491836-agilent-5-percent-fq3-beat-lower-end-guidance-raise?source=partner_benzinga,Seeking Alpha,2019-08-14 00:00:00,A
147,"Agilent EPS beats by $0.04, beats on revenue",https://seekingalpha.com/news/3491808-agilent-eps-beats-0_04-beats-revenue?source=partner_benzinga,Seeking Alpha,2019-08-14 00:00:00,A
148,The Dow Jones Industrial Average Will Lose 400 Points On Today's Inverted Yield Curve,https://www.benzinga.com/node/14267672,TalkMarkets,2019-08-14 00:00:00,A
149,Wall Street Tumbles Following Yield Curve Inversion,http://www.zacks.com/stock/news/470319/wall-street-tumbles-following-yield-curve-inversion?cid=CS-BENZ-FT-economic_highlights-470319,Zacks,2019-08-14 00:00:00,A
150,Stock Futures Plunge as Recession Fears Intensify,http://www.zacks.com/stock/news/470291/stock-futures-plunge-as-recession-fears-intensify?cid=CS-BENZ-FT-ahead_of_wall_street-470291,Zacks,2019-08-14 00:00:00,A
151,"Impax Asset Management Group plc Buys Pentair PLC, Agilent Technologies Inc, IQVIA Holdings ...",http://www.gurufocus.com/news/927801/impax-asset-management-group-plc-buys-pentair-plc-agilent-technologies-inc-iqvia-holdings-inc-sells-ecolab-inc-cantel-medical-corp-international-business-machines-corp,GuruFocus,2019-08-13 00:00:00,A
152,Agilent Q3 2019 Earnings Preview,https://seekingalpha.com/news/3491232-agilent-q3-2019-earnings-preview?source=partner_benzinga,Seeking Alpha,2019-08-13 00:00:00,A
153,Notable earnings after Wednesday's close,https://seekingalpha.com/news/3491104-notable-earnings-wednesday-s-close?source=partner_benzinga,Seeking Alpha,2019-08-13 00:00:00,A
154,Agilent (A) Gears Up for Q3 Earnings: What's in the Cards?,http://www.zacks.com/stock/news/466578/agilent-a-gears-up-for-q3-earnings-whats-in-the-cards?cid=CS-BENZ-FT-analyst_blog|earnings_preview-466578,Zacks,2019-08-12 00:00:00,A
155,Walmart And Alibaba Step To The Plate (Stocks To Watch Podcast),https://seekingalpha.com/article/4284498-walmart-alibaba-step-plate-stocks-watch-podcast?source=partner_benzinga,Seeking Alpha,2019-08-11 00:00:00,A
156,Stocks To Watch: Walmart And Alibaba Step To The Plate,https://seekingalpha.com/article/4284315-stocks-watch-walmart-alibaba-step-plate?source=partner_benzinga,Seeking Alpha,2019-08-10 00:00:00,A
157,Agilent Technologies Hitting Lower Rail Of Upwardly Sloped Trend Channel Ahead Of Earnings,https://seekingalpha.com/article/4284107-agilent-technologies-hitting-lower-rail-upwardly-sloped-trend-channel-ahead-earnings?source=partner_benzinga,Seeking Alpha,2019-08-09 00:00:00,A
158,Agilent Technologies (A) Earnings Expected to Grow: Should You Buy?,http://www.zacks.com/stock/news/460583/agilent-technologies-a-earnings-expected-to-grow-should-you-buy?cid=CS-BENZ-FT-tale_of_the_tape|yseop_template_9-460583,Zacks,2019-08-07 00:00:00,A
159,Acquisition Boosts Exact Sciences' Role in Cancer Diagnostics,http://www.gurufocus.com/news/920455/acquisition-boosts-exact-sciences-role-in-cancer-diagnostics,GuruFocus,2019-08-01 00:00:00,A
160,"The Truth About Market Timing - July 30, 2019",http://www.zacks.com/stock/news/453591/the-truth-about-market-timing-july-30-2019?cid=CS-BENZ-FT-retirement_ideas|market_timing_secrets-453591,Zacks,2019-07-30 00:00:00,A
161,Tracking William von Mueffling's Cantillon Capital Management Portfolio - Q2 2019 Update,https://seekingalpha.com/article/4278541-tracking-william-von-muefflings-cantillon-capital-management-portfolio-q2-2019-update?source=partner_benzinga,Seeking Alpha,2019-07-29 00:00:00,A
162,Agilent: 2 Decades Of Portfolio Moves Left Investors With A Good Business,https://seekingalpha.com/article/4277193-agilent-2-decades-portfolio-moves-left-investors-good-business?source=partner_benzinga,Seeking Alpha,2019-07-24 00:00:00,A
163,Dividend Challenger Highlights: Week Of July 21,https://seekingalpha.com/article/4276228-dividend-challenger-highlights-week-july-21?source=partner_benzinga,Seeking Alpha,2019-07-20 00:00:00,A
164,"Harvey Investment Co Llc Buys Fastenal Co, Agilent Technologies Inc, CarMax Inc, Sells Croda ...",http://www.gurufocus.com/news/909657/harvey-investment-co-llc-buys-fastenal-co-agilent-technologies-inc-carmax-inc-sells-croda-international-plc-ecolab-inc-nextera-energy-inc,GuruFocus,2019-07-16 00:00:00,A
165,Oppenheimer likes Millendo Therapeutics in premarket analyst action,https://seekingalpha.com/news/3477983-oppenheimer-likes-millendo-therapeutics-premarket-analyst-action?source=partner_benzinga,Seeking Alpha,2019-07-16 00:00:00,A
166,Agilent: Some Bolt-On M&A To Rejuvenate Growth,https://seekingalpha.com/article/4274967-agilent-bolt-m-rejuvenate-growth?source=partner_benzinga,Seeking Alpha,2019-07-15 00:00:00,A
167,Wells sees 33% upside in Gilead in premarket analyst action,https://seekingalpha.com/news/3477623-wells-sees-33-percent-upside-gilead-premarket-analyst-action?source=partner_benzinga,Seeking Alpha,2019-07-15 00:00:00,A
168,"Agilent to Acquire BioTek, Cell Analysis Portfolio to Expand",http://www.zacks.com/stock/news/441535/agilent-to-acquire-biotek-cell-analysis-portfolio-to-expand?cid=CS-BENZ-FT-441535,Zacks,2019-07-12 00:00:00,A
169,Silicon Valley Pioneer Keysight Just Moved Into The Buy Zone — But Can It Stay There?,http://www.investors.com/stock-lists/ibd-50/keysight-stock-moved-into-buy-zone/?src=A00237A&ven=BenzingaCP&src=AURLAAM,Investor's Business Daily,2019-07-11 00:00:00,A
170,Agilent to acquire BioTek for $1.165B,https://seekingalpha.com/news/3477088-agilent-acquire-biotek-1_165b?source=partner_benzinga,Seeking Alpha,2019-07-11 00:00:00,A
171,"Lgt Capital Partners Ltd. Buys UnitedHealth Group Inc, Alphabet Inc, Ross Stores Inc, Sells ...",http://www.gurufocus.com/news/906796/lgt-capital-partners-ltd-buys-unitedhealth-group-inc-alphabet-inc-ross-stores-inc-sells-celgene-corp-3m-co-delta-air-lines-inc,GuruFocus,2019-07-10 00:00:00,A
172,Stock Upgrades: Agilent Technologies Shows Rising Relative Strength,http://www.investors.com/ibd-data-stories/stock-upgrades-agilent-technologies-shows-rising-relative-strength-2/?src=A00237A&ven=BenzingaCP&src=AURLAAM,Investor's Business Daily,2019-07-05 00:00:00,A
173,"29 Firms Going Ex-Dividend Next Week, Including Comcast, Cisco And JP Morgan",https://www.benzinga.com/node/14003999,TalkMarkets,2019-06-28 00:00:00,A
174,Agilent: An Excellent Company At Average Price,https://seekingalpha.com/article/4272668-agilent-excellent-company-average-price?source=partner_benzinga,Seeking Alpha,2019-06-28 00:00:00,A
175,Dividend Challenger Highlights: Week Of June 23,https://seekingalpha.com/article/4271630-dividend-challenger-highlights-week-june-23?source=partner_benzinga,Seeking Alpha,2019-06-22 00:00:00,A
176,John Templeton's Investment Philosophy,http://www.gurufocus.com/news/897823/john-templetons-investment-philosophy,GuruFocus,2019-06-21 00:00:00,A
177,Agilent Announces Receipt of FDA Approval for pharmDX Assay,http://www.zacks.com/stock/news/429945/agilent-announces-receipt-of-fda-approval-for-pharmdx-assay?cid=CS-BENZ-FT-429945,Zacks,2019-06-14 00:00:00,A
178,Why Is Agilent (A) Up 3.9% Since Last Earnings Report?,http://www.zacks.com/stock/news/429061/why-is-agilent-a-up-39-since-last-earnings-report?cid=CS-BENZ-FT-429061,Zacks,2019-06-13 00:00:00,A
179,FDA OKs Agilent companion diagnostic for Keytruda in HNSCC,https://seekingalpha.com/news/3470455-fda-oks-agilent-companion-diagnostic-keytruda-hnscc?source=partner_benzinga,Seeking Alpha,2019-06-11 00:00:00,A
180,"Barclays bearish on Teva, sees 14% downside risk in premarket analyst action",https://seekingalpha.com/news/3470387-barclays-bearish-teva-sees-14-percent-downside-risk-premarket-analyst-action?source=partner_benzinga,Seeking Alpha,2019-06-11 00:00:00,A
181,Tense About Trade War? Follow Goldman With 5 ETF Strategies,http://www.zacks.com/stock/news/419298/tense-about-trade-war-follow-goldman-with-5-etf-strategies?cid=CS-BENZ-FT-419298,Zacks,2019-05-24 00:00:00,A
182,Agilent declares $0.164 dividend,https://seekingalpha.com/news/3466217-agilent-declares-0_164-dividend?source=partner_benzinga,Seeking Alpha,2019-05-22 00:00:00,A
183,"Bessemer Securities Llc Buys Facebook Inc, Texas Instruments Inc, Bank of America Corporation, ...",http://www.gurufocus.com/news/882812/bessemer-securities-llc-buys-facebook-inc-texas-instruments-inc-bank-of-america-corporation-sells-japan-post-holdings-co-keycorp-cigna-corp,GuruFocus,2019-05-21 00:00:00,A
184,Bullish Quintet,https://www.benzinga.com/node/13766788,TalkMarkets,2019-05-17 00:00:00,A
185,Stocks To Watch: Agilent Technologies Sees Relative Strength Rating Jump To 84,http://www.investors.com/ibd-data-stories/stocks-to-watch-agilent-technologies-sees-relative-strength-rating-jump-to-84/?src=A00237A&ven=BenzingaCP&src=AURLAAM,Investor's Business Daily,2019-05-15 00:00:00,A
186,ACB and A among premarket losers,https://seekingalpha.com/news/3464005-acb-among-premarket-losers?source=partner_benzinga,Seeking Alpha,2019-05-15 00:00:00,A
187,"Agilent Technologies, Inc. 2019 Q2 - Results - Earnings Call Slides",https://seekingalpha.com/article/4264108-agilent-technologies-inc-2019-q2-results-earnings-call-slides?source=partner_benzinga,Seeking Alpha,2019-05-15 00:00:00,A
188,"Agilent Technologies, Inc. (A) CEO Mike McMullen on Q2 2019 Results - Earnings Call Transcript",https://seekingalpha.com/article/4264085-agilent-technologies-inc-ceo-mike-mcmullen-q2-2019-results-earnings-call-transcript?source=partner_benzinga,Seeking Alpha,2019-05-14 00:00:00,A
189,"A, ACB, EGHT and TLRY among notable after hour movers",https://seekingalpha.com/news/3463760-acb-eght-tlry-among-notable-hour-movers?source=partner_benzinga,Seeking Alpha,2019-05-14 00:00:00,A
190,Agilent Technologies (A) Q2 Earnings and Revenues Miss Estimates,http://www.zacks.com/stock/news/414066/agilent-technologies-a-q2-earnings-and-revenues-miss-estimates?cid=CS-BENZ-FT-414066,Zacks,2019-05-14 00:00:00,A
191,"Agilent down 8% after hours on FQ2 miss, revenue guidance cut",https://seekingalpha.com/news/3463657-agilent-8-percent-hours-fq2-miss-revenue-guidance-cut?source=partner_benzinga,Seeking Alpha,2019-05-14 00:00:00,A
192,"Agilent misses by $0.01, misses on revenue",https://seekingalpha.com/news/3463639-agilent-misses-0_01-misses-revenue?source=partner_benzinga,Seeking Alpha,2019-05-14 00:00:00,A
193,What To Expect From Agilent's Earnings,https://www.benzinga.com/node/13734637,TalkMarkets,2019-05-14 00:00:00,A
194,Agilent Q2 2019 Earnings Preview,https://seekingalpha.com/news/3463067-agilent-q2-2019-earnings-preview?source=partner_benzinga,Seeking Alpha,2019-05-13 00:00:00,A
195,Notable earnings after Tuesday's close,https://seekingalpha.com/news/3462948-notable-earnings-tuesday-s-close?source=partner_benzinga,Seeking Alpha,2019-05-13 00:00:00,A
196,Tracking William Von Mueffling's Cantillon Capital Management Portfolio - Q1 2019 Update,https://seekingalpha.com/article/4263370-tracking-william-von-muefflings-cantillon-capital-management-portfolio-q1-2019-update?source=partner_benzinga,Seeking Alpha,2019-05-13 00:00:00,A
197,Stocks Rise Along with the Tariffs. Go Figure!,https://www.zacks.com/registration/ultimatetrader/welcome/eoffer/30c3?adid=ZU_CONTENT_SYND&cid=CS-BENZ-FT-21316,Zacks,2019-05-11 00:00:00,A
198,Mettler-Toledo (MTD) Earnings & Revenues Top Estimates in Q1,http://www.zacks.com/stock/news/412855/mettler-toledo-mtd-earnings-revenues-top-estimates-in-q1?cid=CS-BENZ-FT-412855,Zacks,2019-05-10 00:00:00,A
199,Can New Offerings & Buyouts Aid Cisco's (CSCO) Q3 Earnings?,http://www.zacks.com/stock/news/412520/can-new-offerings-buyouts-aid-ciscos-csco-q3-earnings?cid=CS-BENZ-FT-412520,Zacks,2019-05-10 00:00:00,A
200,Alibaba (BABA) Gears Up for Q4 Earnings: What's in Store?,http://www.zacks.com/stock/news/412462/alibaba-baba-gears-up-for-q4-earnings-whats-in-store?cid=CS-BENZ-FT-412462,Zacks,2019-05-10 00:00:00,A